{
    "name": "root",
    "metadata": {
        "timer_format_version": "0.1.0",
        "start_time_seconds": "1763394902",
        "python_version": "3.10.12 | packaged by Anaconda, Inc. | (main, Jul  5 2023, 19:01:18) [MSC v.1916 64 bit (AMD64)]",
        "command_line_arguments": "C:\\Users\\acer\\miniconda3\\envs\\mlagents\\Scripts\\mlagents-learn config/RLAgent_config.yaml --run-id=RLAgent2 --num-envs=1 --force",
        "mlagents_version": "1.1.0",
        "mlagents_envs_version": "1.1.0",
        "communication_protocol_version": "1.5.0",
        "pytorch_version": "2.2.2+cu121",
        "numpy_version": "1.23.5",
        "end_time_seconds": "1763394922"
    },
    "total": 19.862502400006633,
    "count": 1,
    "self": 0.00984669997706078,
    "children": {
        "run_training.setup": {
            "total": 0.18904190001194365,
            "count": 1,
            "self": 0.18904190001194365
        },
        "TrainerController.start_learning": {
            "total": 19.66361380001763,
            "count": 1,
            "self": 0.003090399957727641,
            "children": {
                "TrainerController._reset_env": {
                    "total": 9.538171699998202,
                    "count": 1,
                    "self": 9.538171699998202
                },
                "TrainerController.advance": {
                    "total": 9.99232850005501,
                    "count": 130,
                    "self": 0.003067700075916946,
                    "children": {
                        "env_step": {
                            "total": 9.807258299959358,
                            "count": 130,
                            "self": 8.86486490018433,
                            "children": {
                                "SubprocessEnvManager._take_step": {
                                    "total": 0.9405269998242147,
                                    "count": 130,
                                    "self": 0.009213399869622663,
                                    "children": {
                                        "TorchPolicy.evaluate": {
                                            "total": 0.9313135999545921,
                                            "count": 128,
                                            "self": 0.9313135999545921
                                        }
                                    }
                                },
                                "workers": {
                                    "total": 0.001866399950813502,
                                    "count": 130,
                                    "self": 0.0,
                                    "children": {
                                        "worker_root": {
                                            "total": 11.440821799857076,
                                            "count": 130,
                                            "is_parallel": true,
                                            "self": 2.7513362996687647,
                                            "children": {
                                                "steps_from_proto": {
                                                    "total": 0.0006541000038851053,
                                                    "count": 1,
                                                    "is_parallel": true,
                                                    "self": 0.00035459999344311655,
                                                    "children": {
                                                        "_process_rank_one_or_two_observation": {
                                                            "total": 0.0002995000104419887,
                                                            "count": 2,
                                                            "is_parallel": true,
                                                            "self": 0.0002995000104419887
                                                        }
                                                    }
                                                },
                                                "UnityEnvironment.step": {
                                                    "total": 8.688831400184426,
                                                    "count": 130,
                                                    "is_parallel": true,
                                                    "self": 0.015006899659056216,
                                                    "children": {
                                                        "UnityEnvironment._generate_step_input": {
                                                            "total": 0.02495960021042265,
                                                            "count": 130,
                                                            "is_parallel": true,
                                                            "self": 0.02495960021042265
                                                        },
                                                        "communicator.exchange": {
                                                            "total": 8.60776050016284,
                                                            "count": 130,
                                                            "is_parallel": true,
                                                            "self": 8.60776050016284
                                                        },
                                                        "steps_from_proto": {
                                                            "total": 0.0411044001521077,
                                                            "count": 130,
                                                            "is_parallel": true,
                                                            "self": 0.022087100223870948,
                                                            "children": {
                                                                "_process_rank_one_or_two_observation": {
                                                                    "total": 0.019017299928236753,
                                                                    "count": 260,
                                                                    "is_parallel": true,
                                                                    "self": 0.019017299928236753
                                                                }
                                                            }
                                                        }
                                                    }
                                                }
                                            }
                                        }
                                    }
                                }
                            }
                        },
                        "trainer_advance": {
                            "total": 0.18200250001973473,
                            "count": 130,
                            "self": 0.0032142998825293034,
                            "children": {
                                "process_trajectory": {
                                    "total": 0.17878820013720542,
                                    "count": 130,
                                    "self": 0.17878820013720542
                                }
                            }
                        }
                    }
                },
                "trainer_threads": {
                    "total": 1.100008375942707e-06,
                    "count": 1,
                    "self": 1.100008375942707e-06
                },
                "TrainerController._save_models": {
                    "total": 0.13002209999831393,
                    "count": 1,
                    "self": 0.011843499989481643,